{
  "study_name": "joint_finetune_sp500_drawdown",
  "asset_class": "sp500",
  "reward_type": "drawdown",
  "encoder": "vae",
  "optimization_stages": {
    "stage1_vae": {
      "value": 28.467164301872252,
      "n_trials": 100
    },
    "stage2_ppo": {
      "value": 29.245730805397034,
      "n_trials": 50
    },
    "stage3_joint": {
      "value": 26.181380310058593,
      "n_trials": 30
    }
  },
  "best_params": {
    "latent_dim": 64,
    "hidden_dim": 768,
    "vae_lr": 0.0001919580175456516,
    "vae_beta": 0.0248073294889891,
    "vae_update_freq": 2,
    "vae_num_elbo_terms": 32,
    "policy_lr": 0.00018632445828160212,
    "ppo_clip_ratio": 0.2123394476129284,
    "entropy_coef": 0.02489540683245469,
    "ppo_epochs": 11,
    "value_loss_coef": 0.8661152523729234,
    "max_grad_norm": 0.7492700321869699,
    "gae_lambda": 0.9008619763017085,
    "discount_factor": 0.9690113326252275,
    "ppo_minibatch_size": 256,
    "lr_ratio": 0.8440386404163573
  },
  "fine_tuned_params": {
    "vae_update_freq": 2,
    "entropy_coef": 0.02489540683245469,
    "vae_beta": 0.0248073294889891,
    "lr_ratio": 0.8440386404163573
  },
  "note": "3-stage optimization: VAE \u2192 PPO \u2192 Joint fine-tuning"
}