{
  "study_name": "ppo_only_sp500_dsr_vae_with_vae",
  "asset_class": "sp500",
  "reward_type": "dsr",
  "encoder": "vae",
  "best_value": 10.356064601242542,
  "best_params": {
    "policy_lr": 0.00017148848455617258,
    "ppo_clip_ratio": 0.19043171438917497,
    "entropy_coef": 0.018249051757395808,
    "ppo_epochs": 12,
    "value_loss_coef": 0.8857978150233938,
    "max_grad_norm": 1.3398266255635038,
    "gae_lambda": 0.9804954715803365,
    "discount_factor": 0.99494424306026,
    "ppo_minibatch_size": 128,
    "min_logstd": -2.706766263895414,
    "max_logstd": 1.6129277564533553
  },
  "n_trials": 100,
  "vae_params_source": "hpo_results/best_params_sp500_dsr_vae_only.json",
  "note": "PPO optimization with fixed optimal VAE parameters"
}