{
  "study_name": "merged_vae_only_sp500_drawdown_ppo_only_sp500_drawdown_vae_with_vae",
  "asset_class": "sp500",
  "reward_type": "drawdown",
  "encoder": "vae",
  "source": {
    "vae_hpo": {
      "value": 16.74661394357681,
      "n_trials": 100
    },
    "ppo_hpo": {
      "value": 17.235183584690095,
      "n_trials": 100
    }
  },
  "best_params": {
    "latent_dim": 64,
    "hidden_dim": 256,
    "vae_lr": 0.00013816491779509012,
    "vae_beta": 0.13422327760379132,
    "vae_update_freq": 5,
    "vae_num_elbo_terms": 16,
    "policy_lr": 2.058851105450216e-05,
    "ppo_clip_ratio": 0.26444816755637635,
    "entropy_coef": 0.044608300423127085,
    "ppo_epochs": 10,
    "value_loss_coef": 1.3906726166850585,
    "max_grad_norm": 1.9890830107206456,
    "gae_lambda": 0.9167535097327686,
    "discount_factor": 0.9880485118803071,
    "ppo_minibatch_size": 128,
    "concentration_target": 0.18963824732494333,
    "concentration_lambda": 0.9984556954671461
  },
  "note": "Merged from independent VAE and PPO optimizations"
}