{
  "study_name": "joint_finetune_sp500_dsr",
  "asset_class": "sp500",
  "reward_type": "dsr",
  "encoder": "vae",
  "optimization_stages": {
    "stage1_vae": {
      "value": 7.402456302940846,
      "n_trials": 100
    },
    "stage2_ppo": {
      "value": 30.182045673578976,
      "n_trials": 50
    },
    "stage3_joint": {
      "value": 14.964585430622101,
      "n_trials": 30
    }
  },
  "best_params": {
    "latent_dim": 16,
    "hidden_dim": 768,
    "vae_lr": 2.748531400418917e-05,
    "vae_beta": 0.10295426996006166,
    "vae_update_freq": 2,
    "vae_num_elbo_terms": 4,
    "policy_lr": 1.0624216241881826e-05,
    "ppo_clip_ratio": 0.2601294787900388,
    "entropy_coef": 0.011732671948278433,
    "ppo_epochs": 15,
    "value_loss_coef": 0.47680262492837644,
    "max_grad_norm": 1.4453128069686256,
    "gae_lambda": 0.9713056168243936,
    "discount_factor": 0.9831809793446833,
    "ppo_minibatch_size": 256,
    "lr_ratio": 1.2507457627303082
  },
  "fine_tuned_params": {
    "vae_update_freq": 2,
    "entropy_coef": 0.011732671948278433,
    "vae_beta": 0.10295426996006166,
    "lr_ratio": 1.2507457627303082
  },
  "note": "3-stage optimization: VAE \u2192 PPO \u2192 Joint fine-tuning"
}