{
  "study_name": "joint_finetune_sp500_sharpe",
  "asset_class": "sp500",
  "reward_type": "sharpe",
  "encoder": "vae",
  "optimization_stages": {
    "stage1_vae": {
      "value": 30.212481409311295,
      "n_trials": 100
    },
    "stage2_ppo": {
      "value": 33.6209201335907,
      "n_trials": 50
    },
    "stage3_joint": {
      "value": 25.129078254699706,
      "n_trials": 30
    }
  },
  "best_params": {
    "latent_dim": 16,
    "hidden_dim": 256,
    "vae_lr": 0.0005728821502952628,
    "vae_beta": 0.009330334766224788,
    "vae_update_freq": 5,
    "vae_num_elbo_terms": 4,
    "policy_lr": 2.1460940192869225e-05,
    "ppo_clip_ratio": 0.19128062165984497,
    "entropy_coef": 0.010366586401872598,
    "ppo_epochs": 10,
    "value_loss_coef": 0.7116726816922123,
    "max_grad_norm": 0.6885042772240788,
    "gae_lambda": 0.9217410805485989,
    "discount_factor": 0.9733053632109231,
    "ppo_minibatch_size": 128,
    "lr_ratio": 1.7547887021309474
  },
  "fine_tuned_params": {
    "vae_update_freq": 5,
    "entropy_coef": 0.010366586401872598,
    "vae_beta": 0.009330334766224788,
    "lr_ratio": 1.7547887021309474
  },
  "note": "3-stage optimization: VAE \u2192 PPO \u2192 Joint fine-tuning"
}