{
  "study_name": "ppo_only_sp500_dsr_vae",
  "asset_class": "sp500",
  "reward_type": "dsr",
  "encoder": "vae",
  "best_value": 30.182045673578976,
  "best_params": {
    "policy_lr": 1.0624216241881826e-05,
    "ppo_clip_ratio": 0.2601294787900388,
    "entropy_coef": 0.0033501783950563003,
    "ppo_epochs": 15,
    "value_loss_coef": 0.47680262492837644,
    "max_grad_norm": 1.4453128069686256,
    "gae_lambda": 0.9713056168243936,
    "discount_factor": 0.9831809793446833,
    "ppo_minibatch_size": 256
  },
  "n_trials": 50
}