{
  "study_name": "merged_vae_only_sp500_sharpe_ppo_only_sp500_sharpe_vae_with_vae",
  "asset_class": "sp500",
  "reward_type": "sharpe",
  "encoder": "vae",
  "source": {
    "vae_hpo": {
      "value": 18.19674106836319,
      "n_trials": 100
    },
    "ppo_hpo": {
      "value": 35.92599016427994,
      "n_trials": 100
    }
  },
  "best_params": {
    "latent_dim": 16,
    "hidden_dim": 512,
    "vae_lr": 4.192469203345582e-05,
    "vae_beta": 0.016855004504791105,
    "vae_update_freq": 10,
    "vae_num_elbo_terms": 32,
    "policy_lr": 0.0001343634117285696,
    "ppo_clip_ratio": 0.22165037774077628,
    "entropy_coef": 0.0031187220769685374,
    "ppo_epochs": 13,
    "value_loss_coef": 1.2160677651277623,
    "max_grad_norm": 1.2131750627866746,
    "gae_lambda": 0.9618688498951034,
    "discount_factor": 0.9795403074531488,
    "ppo_minibatch_size": 128,
    "min_logstd": -3.812762631831736,
    "max_logstd": 0.3273246185148746,
    "concentration_target": 0.18963824732494333,
    "concentration_lambda": 0.9984556954671461
  },
  "note": "Merged from independent VAE and PPO optimizations"
}