{
  "study_name": "ppo_vae_sp500_drawdown",
  "asset_class": "sp500",
  "reward_type": "drawdown",
  "best_value": 37.967431259155276,
  "best_params": {
    "latent_dim": 16,
    "hidden_dim": 256,
    "vae_lr": 1.3731078963442245e-05,
    "policy_lr": 1.0374001123774155e-05,
    "vae_beta": 0.03462979100777297,
    "entropy_coef": 0.030010195766720024,
    "ppo_clip_ratio": 0.15292418418968373,
    "eta": 0.004665718933151942,
    "reward_lookback": 50
  },
  "n_trials": 50
}
