{
  "study_name": "ppo_only_sp500_sharpe_vae",
  "asset_class": "sp500",
  "reward_type": "sharpe",
  "encoder": "vae",
  "best_value": 33.6209201335907,
  "best_params": {
    "policy_lr": 2.1460940192869225e-05,
    "ppo_clip_ratio": 0.19128062165984497,
    "entropy_coef": 0.0035661754099660763,
    "ppo_epochs": 10,
    "value_loss_coef": 0.7116726816922123,
    "max_grad_norm": 0.6885042772240788,
    "gae_lambda": 0.9217410805485989,
    "discount_factor": 0.9733053632109231,
    "ppo_minibatch_size": 128
  },
  "n_trials": 50
}