{
  "iteration": [
    0,
    1,
    2
  ],
  "avg_episode_reward": [
    0.05762180108330564,
    0.01759313610378302,
    0.11708332585171718
  ],
  "episode_reward_std": [
    0.39261197219222344,
    0.13239601073626056,
    0.06309319358474189
  ],
  "avg_vae_loss": [
    1.1720444560050964,
    0.5897499918937683,
    0.4189140945672989
  ],
  "avg_elbo": [
    -1.1720444560050964,
    -0.5897499918937683,
    -0.4189140945672989
  ],
  "policy_loss": [
    -8.940696716308594e-06,
    -7.3909759521484375e-06,
    2.1457672119140625e-06
  ],
  "average_reward": [
    0.10013864931452998,
    0.3531666257223254,
    0.04831593177263764
  ],
  "reward_std": [
    0.1007938639934759,
    0.22872603593925256,
    0.09751204095268018
  ],
  "episodes_collected": [
    2,
    2,
    2
  ],
  "avg_episode_length": [
    5.0,
    5.0,
    5.0
  ]
}