{
  "iteration": [
    0,
    1,
    2
  ],
  "avg_episode_reward": [
    0.00019635922966546038,
    -0.22638030649195265,
    0.056497140980231494
  ],
  "episode_reward_std": [
    0.08959381729854524,
    0.29106207083410296,
    0.03276479682975185
  ],
  "avg_vae_loss": [
    0.3025815486907959,
    0.37614937126636505,
    0.5009045749902725
  ],
  "avg_elbo": [
    -0.3025815486907959,
    -0.37614937126636505,
    -0.5009045749902725
  ],
  "policy_loss": [
    5.9604644775390625e-06,
    -7.033348083496094e-06,
    2.0265579223632812e-06
  ],
  "average_reward": [
    0.020264247981115535,
    -0.12126094669833959,
    0.4196930620682933
  ],
  "reward_std": [
    0.4939572756777559,
    0.11851672803844916,
    0.3782525423974899
  ],
  "episodes_collected": [
    2,
    2,
    2
  ],
  "avg_episode_length": [
    5.0,
    5.0,
    5.0
  ]
}