{
  "iteration": [
    0,
    1,
    2
  ],
  "avg_episode_reward": [
    -0.07863576890550102,
    -0.053723981678720265,
    0.0027058152214227416
  ],
  "episode_reward_std": [
    0.061288921554581745,
    0.01710376823874958,
    0.27990909930300234
  ],
  "avg_vae_loss": [
    0.7388087511062622,
    0.37836916744709015,
    0.34527693688869476
  ],
  "avg_elbo": [
    -0.7388087511062622,
    -0.37836916744709015,
    -0.34527693688869476
  ],
  "policy_loss": [
    -6.556510925292969e-07,
    -3.933906555175781e-06,
    1.430511474609375e-06
  ],
  "average_reward": [
    0.33316992298245374,
    0.11128037151096057,
    0.3812777488800893
  ],
  "reward_std": [
    0.1452707401592495,
    0.14974152073631355,
    0.5718263497660985
  ],
  "episodes_collected": [
    2,
    2,
    2
  ],
  "avg_episode_length": [
    5.0,
    5.0,
    5.0
  ]
}